IBEX 35®,,,
IBEX 35®,,,
IBEX 35®,"7.346,80",,
IBEX 35®,"7.346,80",,
IBEX 35®,"7.346,80","7.535,30",
IBEX 35®,"7.346,80","7.535,30","6.945,80"
IBEX 35®,"7.346,80","7.535,30","6.945,80"
IBEX 35®,"7.346,80","7.535,30","6.945,80"
IBEX 35®,"7.346,80","7.535,30","6.945,80"
IBEX 35® con Dividendos,"7.346,80","7.535,30","6.945,80"
IBEX 35® con Dividendos,"7.346,80","7.535,30","6.945,80"
IBEX 35® con Dividendos,"21.962,50","7.535,30","6.945,80"
IBEX 35® con Dividendos,"21.962,50","7.535,30","6.945,80"
IBEX 35® con Dividendos,"21.962,50","22.526,20","6.945,80"
IBEX 35® con Dividendos,"21.962,50","22.526,20","20.763,80"
IBEX 35® con Dividendos,"21.962,50","22.526,20","20.763,80"
IBEX 35® con Dividendos,"21.962,50","22.526,20","20.763,80"
IBEX 35® con Dividendos,"21.962,50","22.526,20","20.763,80"
IBEX MEDIUM CAP®,"21.962,50","22.526,20","20.763,80"
IBEX MEDIUM CAP®,"21.962,50","22.526,20","20.763,80"
IBEX MEDIUM CAP®,"10.807,10","22.526,20","20.763,80"
IBEX MEDIUM CAP®,"10.807,10","22.526,20","20.763,80"
IBEX MEDIUM CAP®,"10.807,10","10.984,40","20.763,80"
IBEX MEDIUM CAP®,"10.807,10","10.984,40","10.627,90"
IBEX MEDIUM CAP®,"10.807,10","10.984,40","10.627,90"
IBEX MEDIUM CAP®,"10.807,10","10.984,40","10.627,90"
IBEX MEDIUM CAP®,"10.807,10","10.984,40","10.627,90"
IBEX SMALL CAP®,"10.807,10","10.984,40","10.627,90"
IBEX SMALL CAP®,"10.807,10","10.984,40","10.627,90"
IBEX SMALL CAP®,"6.748,60","10.984,40","10.627,90"
IBEX SMALL CAP®,"6.748,60","10.984,40","10.627,90"
IBEX SMALL CAP®,"6.748,60","6.859,40","10.627,90"
IBEX SMALL CAP®,"6.748,60","6.859,40","6.638,00"
IBEX SMALL CAP®,"6.748,60","6.859,40","6.638,00"
IBEX SMALL CAP®,"6.748,60","6.859,40","6.638,00"
IBEX SMALL CAP®,"6.748,60","6.859,40","6.638,00"
IBEX 35® Bancos,"6.748,60","6.859,40","6.638,00"
IBEX 35® Bancos,"6.748,60","6.859,40","6.638,00"
IBEX 35® Bancos,"283,60","6.859,40","6.638,00"
IBEX 35® Bancos,"283,60","6.859,40","6.638,00"
IBEX 35® Bancos,"283,60","288,00","6.638,00"
IBEX 35® Bancos,"283,60","288,00","255,50"
IBEX 35® Bancos,"283,60","288,00","255,50"
IBEX 35® Bancos,"283,60","288,00","255,50"
IBEX 35® Bancos,"283,60","288,00","255,50"
IBEX 35® Energía,"283,60","288,00","255,50"
IBEX 35® Energía,"283,60","288,00","255,50"
IBEX 35® Energía,"1.233,90","288,00","255,50"
IBEX 35® Energía,"1.233,90","288,00","255,50"
IBEX 35® Energía,"1.233,90","1.247,10","255,50"
IBEX 35® Energía,"1.233,90","1.247,10","1.198,90"
IBEX 35® Energía,"1.233,90","1.247,10","1.198,90"
IBEX 35® Energía,"1.233,90","1.247,10","1.198,90"
IBEX 35® Energía,"1.233,90","1.247,10","1.198,90"
IBEX 35® Construcción,"1.233,90","1.247,10","1.198,90"
IBEX 35® Construcción,"1.233,90","1.247,10","1.198,90"
IBEX 35® Construcción,"1.290,50","1.247,10","1.198,90"
IBEX 35® Construcción,"1.290,50","1.247,10","1.198,90"
IBEX 35® Construcción,"1.290,50","1.319,50","1.198,90"
IBEX 35® Construcción,"1.290,50","1.319,50","1.190,80"
IBEX 35® Construcción,"1.290,50","1.319,50","1.190,80"
IBEX 35® Construcción,"1.290,50","1.319,50","1.190,80"
IBEX 35® Construcción,"1.290,50","1.319,50","1.190,80"
IBEX TOP Dividendo®,"1.290,50","1.319,50","1.190,80"
IBEX TOP Dividendo®,"1.290,50","1.319,50","1.190,80"
IBEX TOP Dividendo®,"1.886,20","1.319,50","1.190,80"
IBEX TOP Dividendo®,"1.886,20","1.319,50","1.190,80"
IBEX TOP Dividendo®,"1.886,20","1.907,00","1.190,80"
IBEX TOP Dividendo®,"1.886,20","1.907,00","1.771,60"
IBEX TOP Dividendo®,"1.886,20","1.907,00","1.771,60"
IBEX TOP Dividendo®,"1.886,20","1.907,00","1.771,60"
IBEX TOP Dividendo®,"1.886,20","1.907,00","1.771,60"
IBEX 35® con Dividendos Netos,"1.886,20","1.907,00","1.771,60"
IBEX 35® con Dividendos Netos,"1.886,20","1.907,00","1.771,60"
IBEX 35® con Dividendos Netos,"18.459,00","1.907,00","1.771,60"
IBEX 35® con Dividendos Netos,"18.459,00","1.907,00","1.771,60"
IBEX 35® con Dividendos Netos,"18.459,00","18.932,70","1.771,60"
IBEX 35® con Dividendos Netos,"18.459,00","18.932,70","17.451,50"
IBEX 35® con Dividendos Netos,"18.459,00","18.932,70","17.451,50"
IBEX 35® con Dividendos Netos,"18.459,00","18.932,70","17.451,50"
IBEX 35® con Dividendos Netos,"18.459,00","18.932,70","17.451,50"
IBEX 35® Inverso,"18.459,00","18.932,70","17.451,50"
IBEX 35® Inverso,"18.459,00","18.932,70","17.451,50"
IBEX 35® Inverso,"2.781,30","18.932,70","17.451,50"
IBEX 35® Inverso,"2.781,30","18.932,70","17.451,50"
IBEX 35® Inverso,"2.781,30","2.953,20","17.451,50"
IBEX 35® Inverso,"2.781,30","2.953,20","2.696,70"
IBEX 35® Inverso,"2.781,30","2.953,20","2.696,70"
IBEX 35® Inverso,"2.781,30","2.953,20","2.696,70"
IBEX 35® Inverso,"2.781,30","2.953,20","2.696,70"
IBEX 35® Doble Inverso,"2.781,30","2.953,20","2.696,70"
IBEX 35® Doble Inverso,"2.781,30","2.953,20","2.696,70"
IBEX 35® Doble Inverso,"397,70","2.953,20","2.696,70"
IBEX 35® Doble Inverso,"397,70","2.953,20","2.696,70"
IBEX 35® Doble Inverso,"397,70","450,80","2.696,70"
IBEX 35® Doble Inverso,"397,70","450,80","371,50"
IBEX 35® Doble Inverso,"397,70","450,80","371,50"
IBEX 35® Doble Inverso,"397,70","450,80","371,50"
IBEX 35® Doble Inverso,"397,70","450,80","371,50"
IBEX 35® Inverso X3,"397,70","450,80","371,50"
IBEX 35® Inverso X3,"397,70","450,80","371,50"
IBEX 35® Inverso X3,"22,30","450,80","371,50"
IBEX 35® Inverso X3,"22,30","450,80","371,50"
IBEX 35® Inverso X3,"22,30","27,10","371,50"
IBEX 35® Inverso X3,"22,30","27,10","19,90"
IBEX 35® Inverso X3,"22,30","27,10","19,90"
IBEX 35® Inverso X3,"22,30","27,10","19,90"
IBEX 35® Inverso X3,"22,30","27,10","19,90"
IBEX 35® Inverso X5,"22,30","27,10","19,90"
IBEX 35® Inverso X5,"22,30","27,10","19,90"
IBEX 35® Inverso X5,"4.684,70","27,10","19,90"
IBEX 35® Inverso X5,"4.684,70","27,10","19,90"
IBEX 35® Inverso X5,"4.684,70","6.743,00","19,90"
IBEX 35® Inverso X5,"4.684,70","6.743,00","3.671,40"
IBEX 35® Inverso X5,"4.684,70","6.743,00","3.671,40"
IBEX 35® Inverso X5,"4.684,70","6.743,00","3.671,40"
IBEX 35® Inverso X5,"4.684,70","6.743,00","3.671,40"
IBEX 35® Inverso X10,"4.684,70","6.743,00","3.671,40"
IBEX 35® Inverso X10,"4.684,70","6.743,00","3.671,40"
IBEX 35® Inverso X10,"864,00","6.743,00","3.671,40"
IBEX 35® Inverso X10,"864,00","6.743,00","3.671,40"
IBEX 35® Inverso X10,"864,00","3.180,40","3.671,40"
IBEX 35® Inverso X10,"864,00","3.180,40","473,20"
IBEX 35® Inverso X10,"864,00","3.180,40","473,20"
IBEX 35® Inverso X10,"864,00","3.180,40","473,20"
IBEX 35® Inverso X10,"864,00","3.180,40","473,20"
IBEX 35® Doble Apalancado,"864,00","3.180,40","473,20"
IBEX 35® Doble Apalancado,"864,00","3.180,40","473,20"
IBEX 35® Doble Apalancado,"2.916,90","3.180,40","473,20"
IBEX 35® Doble Apalancado,"2.916,90","3.180,40","473,20"
IBEX 35® Doble Apalancado,"2.916,90","3.062,20","473,20"
IBEX 35® Doble Apalancado,"2.916,90","3.062,20","2.621,90"
IBEX 35® Doble Apalancado,"2.916,90","3.062,20","2.621,90"
IBEX 35® Doble Apalancado,"2.916,90","3.062,20","2.621,90"
IBEX 35® Doble Apalancado,"2.916,90","3.062,20","2.621,90"
IBEX 35® Doble Apalancado Bruto,"2.916,90","3.062,20","2.621,90"
IBEX 35® Doble Apalancado Bruto,"2.916,90","3.062,20","2.621,90"
IBEX 35® Doble Apalancado Bruto,"13.072,10","3.062,20","2.621,90"
IBEX 35® Doble Apalancado Bruto,"13.072,10","3.062,20","2.621,90"
IBEX 35® Doble Apalancado Bruto,"13.072,10","13.722,70","2.621,90"
IBEX 35® Doble Apalancado Bruto,"13.072,10","13.722,70","11.750,40"
IBEX 35® Doble Apalancado Bruto,"13.072,10","13.722,70","11.750,40"
IBEX 35® Doble Apalancado Bruto,"13.072,10","13.722,70","11.750,40"
IBEX 35® Doble Apalancado Bruto,"13.072,10","13.722,70","11.750,40"
IBEX 35® Doble Apalancado Neto,"13.072,10","13.722,70","11.750,40"
IBEX 35® Doble Apalancado Neto,"13.072,10","13.722,70","11.750,40"
IBEX 35® Doble Apalancado Neto,"10.962,90","13.722,70","11.750,40"
IBEX 35® Doble Apalancado Neto,"10.962,90","13.722,70","11.750,40"
IBEX 35® Doble Apalancado Neto,"10.962,90","11.508,50","11.750,40"
IBEX 35® Doble Apalancado Neto,"10.962,90","11.508,50","9.854,40"
IBEX 35® Doble Apalancado Neto,"10.962,90","11.508,50","9.854,40"
IBEX 35® Doble Apalancado Neto,"10.962,90","11.508,50","9.854,40"
IBEX 35® Doble Apalancado Neto,"10.962,90","11.508,50","9.854,40"
IBEX 35® Apalancado X3,"10.962,90","11.508,50","9.854,40"
IBEX 35® Apalancado X3,"10.962,90","11.508,50","9.854,40"
IBEX 35® Apalancado X3,"354,60","11.508,50","9.854,40"
IBEX 35® Apalancado X3,"354,60","11.508,50","9.854,40"
IBEX 35® Apalancado X3,"354,60","379,60","9.854,40"
IBEX 35® Apalancado X3,"354,60","379,60","303,90"
IBEX 35® Apalancado X3,"354,60","379,60","303,90"
IBEX 35® Apalancado X3,"354,60","379,60","303,90"
IBEX 35® Apalancado X3,"354,60","379,60","303,90"
IBEX 35® Apalancado Neto X3,"354,60","379,60","303,90"
IBEX 35® Apalancado Neto X3,"354,60","379,60","303,90"
IBEX 35® Apalancado Neto X3,"3.952,90","379,60","303,90"
IBEX 35® Apalancado Neto X3,"3.952,90","379,60","303,90"
IBEX 35® Apalancado Neto X3,"3.952,90","4.231,10","303,90"
IBEX 35® Apalancado Neto X3,"3.952,90","4.231,10","3.387,60"
IBEX 35® Apalancado Neto X3,"3.952,90","4.231,10","3.387,60"
IBEX 35® Apalancado Neto X3,"3.952,90","4.231,10","3.387,60"
IBEX 35® Apalancado Neto X3,"3.952,90","4.231,10","3.387,60"
IBEX 35® Apalancado Neto X5,"3.952,90","4.231,10","3.387,60"
IBEX 35® Apalancado Neto X5,"3.952,90","4.231,10","3.387,60"
IBEX 35® Apalancado Neto X5,"173,70","4.231,10","3.387,60"
IBEX 35® Apalancado Neto X5,"173,70","4.231,10","3.387,60"
IBEX 35® Apalancado Neto X5,"173,70","192,00","3.387,60"
IBEX 35® Apalancado Neto X5,"173,70","192,00","136,60"
IBEX 35® Apalancado Neto X5,"173,70","192,00","136,60"
IBEX 35® Apalancado Neto X5,"173,70","192,00","136,60"
IBEX 35® Apalancado Neto X5,"173,70","192,00","136,60"
IBEX 35® Apalancado Neto X10,"173,70","192,00","136,60"
IBEX 35® Apalancado Neto X10,"173,70","192,00","136,60"
IBEX 35® Apalancado Neto X10,"142,70","192,00","136,60"
IBEX 35® Apalancado Neto X10,"142,70","192,00","136,60"
IBEX 35® Apalancado Neto X10,"142,70","166,70","136,60"
IBEX 35® Apalancado Neto X10,"142,70","166,70","94,10"
IBEX 35® Apalancado Neto X10,"142,70","166,70","94,10"
IBEX 35® Apalancado Neto X10,"142,70","166,70","94,10"
IBEX 35® Apalancado Neto X10,"142,70","166,70","94,10"
IBEX 35® Capped Net Return,"142,70","166,70","94,10"
IBEX 35® Capped Net Return,"142,70","166,70","94,10"
IBEX 35® Capped Net Return,"18.509,50","166,70","94,10"
IBEX 35® Capped Net Return,"18.509,50","166,70","94,10"
IBEX 35® Capped Net Return,"18.509,50","18.984,60","94,10"
IBEX 35® Capped Net Return,"18.509,50","18.984,60","17.499,30"
IBEX 35® Capped Net Return,"18.509,50","18.984,60","17.499,30"
IBEX 35® Capped Net Return,"18.509,50","18.984,60","17.499,30"
IBEX 35® Capped Net Return,"18.509,50","18.984,60","17.499,30"
IBEX 35® Impacto Div,"18.509,50","18.984,60","17.499,30"
IBEX 35® Impacto Div,"18.509,50","18.984,60","17.499,30"
IBEX 35® Impacto Div,"202,30","18.984,60","17.499,30"
IBEX 35® Impacto Div,"202,30","18.984,60","17.499,30"
IBEX 35® Impacto Div,"202,30","202,30","17.499,30"
IBEX 35® Impacto Div,"202,30","202,30","202,30"
IBEX 35® Impacto Div,"202,30","202,30","202,30"
IBEX 35® Impacto Div,"202,30","202,30","202,30"
IBEX 35® Impacto Div,"202,30","202,30","202,30"
IBEX 35® Volatilidad Objetivo 10% Estándar,"202,30","202,30","202,30"
IBEX 35® Volatilidad Objetivo 10% Estándar,"202,30","202,30","202,30"
IBEX 35® Volatilidad Objetivo 10% Estándar,"167,80","202,30","202,30"
IBEX 35® Volatilidad Objetivo 10% Estándar,"167,80","202,30","202,30"
IBEX 35® Volatilidad Objetivo 10% Estándar,"167,80","169,80","202,30"
IBEX 35® Volatilidad Objetivo 10% Estándar,"167,80","169,80","163,70"
IBEX 35® Volatilidad Objetivo 10% Estándar,"167,80","169,80","163,70"
IBEX 35® Volatilidad Objetivo 10% Estándar,"167,80","169,80","163,70"
IBEX 35® Volatilidad Objetivo 10% Estándar,"167,80","169,80","163,70"
IBEX 35® Volatilidad Objetivo 12% Estándar,"167,80","169,80","163,70"
IBEX 35® Volatilidad Objetivo 12% Estándar,"167,80","169,80","163,70"
IBEX 35® Volatilidad Objetivo 12% Estándar,"170,70","169,80","163,70"
IBEX 35® Volatilidad Objetivo 12% Estándar,"170,70","169,80","163,70"
IBEX 35® Volatilidad Objetivo 12% Estándar,"170,70","173,10","163,70"
IBEX 35® Volatilidad Objetivo 12% Estándar,"170,70","173,10","165,70"
IBEX 35® Volatilidad Objetivo 12% Estándar,"170,70","173,10","165,70"
IBEX 35® Volatilidad Objetivo 12% Estándar,"170,70","173,10","165,70"
IBEX 35® Volatilidad Objetivo 12% Estándar,"170,70","173,10","165,70"
IBEX 35® Volatilidad Objetivo 15% Estándar,"170,70","173,10","165,70"
IBEX 35® Volatilidad Objetivo 15% Estándar,"170,70","173,10","165,70"
IBEX 35® Volatilidad Objetivo 15% Estándar,"171,10","173,10","165,70"
IBEX 35® Volatilidad Objetivo 15% Estándar,"171,10","173,10","165,70"
IBEX 35® Volatilidad Objetivo 15% Estándar,"171,10","174,10","165,70"
IBEX 35® Volatilidad Objetivo 15% Estándar,"171,10","174,10","164,90"
IBEX 35® Volatilidad Objetivo 15% Estándar,"171,10","174,10","164,90"
IBEX 35® Volatilidad Objetivo 15% Estándar,"171,10","174,10","164,90"
IBEX 35® Volatilidad Objetivo 15% Estándar,"171,10","174,10","164,90"
IBEX 35® Volatilidad Objetivo 18% Estándar,"171,10","174,10","164,90"
IBEX 35® Volatilidad Objetivo 18% Estándar,"171,10","174,10","164,90"
IBEX 35® Volatilidad Objetivo 18% Estándar,"167,40","174,10","164,90"
IBEX 35® Volatilidad Objetivo 18% Estándar,"167,40","174,10","164,90"
IBEX 35® Volatilidad Objetivo 18% Estándar,"167,40","170,90","164,90"
IBEX 35® Volatilidad Objetivo 18% Estándar,"167,40","170,90","160,20"
IBEX 35® Volatilidad Objetivo 18% Estándar,"167,40","170,90","160,20"
IBEX 35® Volatilidad Objetivo 18% Estándar,"167,40","170,90","160,20"
IBEX 35® Volatilidad Objetivo 18% Estándar,"167,40","170,90","160,20"
IBEX 35® Volatilidad Objetivo 10% Financiado,"167,40","170,90","160,20"
IBEX 35® Volatilidad Objetivo 10% Financiado,"167,40","170,90","160,20"
IBEX 35® Volatilidad Objetivo 10% Financiado,"122,00","170,90","160,20"
IBEX 35® Volatilidad Objetivo 10% Financiado,"122,00","170,90","160,20"
IBEX 35® Volatilidad Objetivo 10% Financiado,"122,00","123,40","160,20"
IBEX 35® Volatilidad Objetivo 10% Financiado,"122,00","123,40","119,00"
IBEX 35® Volatilidad Objetivo 10% Financiado,"122,00","123,40","119,00"
IBEX 35® Volatilidad Objetivo 10% Financiado,"122,00","123,40","119,00"
IBEX 35® Volatilidad Objetivo 10% Financiado,"122,00","123,40","119,00"
IBEX 35® Volatilidad Objetivo 12% Financiado,"122,00","123,40","119,00"
IBEX 35® Volatilidad Objetivo 12% Financiado,"122,00","123,40","119,00"
IBEX 35® Volatilidad Objetivo 12% Financiado,"121,60","123,40","119,00"
IBEX 35® Volatilidad Objetivo 12% Financiado,"121,60","123,40","119,00"
IBEX 35® Volatilidad Objetivo 12% Financiado,"121,60","123,40","119,00"
IBEX 35® Volatilidad Objetivo 12% Financiado,"121,60","123,40","118,10"
IBEX 35® Volatilidad Objetivo 12% Financiado,"121,60","123,40","118,10"
IBEX 35® Volatilidad Objetivo 12% Financiado,"121,60","123,40","118,10"
IBEX 35® Volatilidad Objetivo 12% Financiado,"121,60","123,40","118,10"
IBEX 35® Volatilidad Objetivo 15% Financiado,"121,60","123,40","118,10"
IBEX 35® Volatilidad Objetivo 15% Financiado,"121,60","123,40","118,10"
IBEX 35® Volatilidad Objetivo 15% Financiado,"125,30","123,40","118,10"
IBEX 35® Volatilidad Objetivo 15% Financiado,"125,30","123,40","118,10"
IBEX 35® Volatilidad Objetivo 15% Financiado,"125,30","127,50","118,10"
IBEX 35® Volatilidad Objetivo 15% Financiado,"125,30","127,50","120,80"
IBEX 35® Volatilidad Objetivo 15% Financiado,"125,30","127,50","120,80"
IBEX 35® Volatilidad Objetivo 15% Financiado,"125,30","127,50","120,80"
IBEX 35® Volatilidad Objetivo 15% Financiado,"125,30","127,50","120,80"
IBEX 35® Volatilidad Objetivo 18% Financiado,"125,30","127,50","120,80"
IBEX 35® Volatilidad Objetivo 18% Financiado,"125,30","127,50","120,80"
IBEX 35® Volatilidad Objetivo 18% Financiado,"118,20","127,50","120,80"
IBEX 35® Volatilidad Objetivo 18% Financiado,"118,20","127,50","120,80"
IBEX 35® Volatilidad Objetivo 18% Financiado,"118,20","120,70","120,80"
IBEX 35® Volatilidad Objetivo 18% Financiado,"118,20","120,70","113,10"
IBEX 35® Volatilidad Objetivo 18% Financiado,"118,20","120,70","113,10"
IBEX 35® Volatilidad Objetivo 18% Financiado,"118,20","120,70","113,10"
IBEX 35® Volatilidad Objetivo 18% Financiado,"118,20","120,70","113,10"
VIBEX®,"118,20","120,70","113,10"
VIBEX®,"118,20","120,70","113,10"
VIBEX®,"23,11","120,70","113,10"
VIBEX®,"23,11","120,70","113,10"
VIBEX®,"23,11","23,11","113,10"
VIBEX®,"23,11","23,11","23,11"
VIBEX®,"23,11","23,11","23,11"
VIBEX®,"23,11","23,11","23,11"
VIBEX®,"23,11","23,11","23,11"
IBEX 35® Skew,"23,11","23,11","23,11"
IBEX 35® Skew,"23,11","23,11","23,11"
IBEX 35® Skew,"7,19","23,11","23,11"
IBEX 35® Skew,"7,19","23,11","23,11"
IBEX 35® Skew,"7,19","7,19","23,11"
IBEX 35® Skew,"7,19","7,19","7,19"
IBEX 35® Skew,"7,19","7,19","7,19"
IBEX 35® Skew,"7,19","7,19","7,19"
IBEX 35® Skew,"7,19","7,19","7,19"
IBEX 35® BuyWrite,"7,19","7,19","7,19"
IBEX 35® BuyWrite,"7,19","7,19","7,19"
IBEX 35® BuyWrite,"1.259,00","7,19","7,19"
IBEX 35® BuyWrite,"1.259,00","7,19","7,19"
IBEX 35® BuyWrite,"1.259,00","1.259,00","7,19"
IBEX 35® BuyWrite,"1.259,00","1.259,00","1.259,00"
IBEX 35® BuyWrite,"1.259,00","1.259,00","1.259,00"
IBEX 35® BuyWrite,"1.259,00","1.259,00","1.259,00"
IBEX 35® BuyWrite,"1.259,00","1.259,00","1.259,00"
IBEX 35® PutWrite,"1.259,00","1.259,00","1.259,00"
IBEX 35® PutWrite,"1.259,00","1.259,00","1.259,00"
IBEX 35® PutWrite,"1.281,77","1.259,00","1.259,00"
IBEX 35® PutWrite,"1.281,77","1.259,00","1.259,00"
IBEX 35® PutWrite,"1.281,77","1.281,77","1.259,00"
IBEX 35® PutWrite,"1.281,77","1.281,77","1.281,77"
IBEX 35® PutWrite,"1.281,77","1.281,77","1.281,77"
IBEX 35® PutWrite,"1.281,77","1.281,77","1.281,77"
IBEX 35® PutWrite,"1.281,77","1.281,77","1.281,77"
IBEX 35® Protective Put,"1.281,77","1.281,77","1.281,77"
IBEX 35® Protective Put,"1.281,77","1.281,77","1.281,77"
IBEX 35® Protective Put,"565,82","1.281,77","1.281,77"
IBEX 35® Protective Put,"565,82","1.281,77","1.281,77"
IBEX 35® Protective Put,"565,82","565,82","1.281,77"
IBEX 35® Protective Put,"565,82","565,82","565,82"
IBEX 35® Protective Put,"565,82","565,82","565,82"
IBEX 35® Protective Put,"565,82","565,82","565,82"
IBEX 35® Protective Put,"565,82","565,82","565,82"
IBEX 35® Venta de Strangle,"565,82","565,82","565,82"
IBEX 35® Venta de Strangle,"565,82","565,82","565,82"
IBEX 35® Venta de Strangle,"1.617,33","565,82","565,82"
IBEX 35® Venta de Strangle,"1.617,33","565,82","565,82"
IBEX 35® Venta de Strangle,"1.617,33","1.617,33","565,82"
IBEX 35® Venta de Strangle,"1.617,33","1.617,33","1.617,33"
IBEX 35® Venta de Strangle,"1.617,33","1.617,33","1.617,33"
IBEX 35® Venta de Strangle,"1.617,33","1.617,33","1.617,33"
IBEX 35® Venta de Strangle,"1.617,33","1.617,33","1.617,33"
IBEX TOP Dividendo® Rentabilidad,"1.617,33","1.617,33","1.617,33"
IBEX TOP Dividendo® Rentabilidad,"1.617,33","1.617,33","1.617,33"
IBEX TOP Dividendo® Rentabilidad,"4.910,50","1.617,33","1.617,33"
IBEX TOP Dividendo® Rentabilidad,"4.910,50","1.617,33","1.617,33"
IBEX TOP Dividendo® Rentabilidad,"4.910,50","4.964,70","1.617,33"
IBEX TOP Dividendo® Rentabilidad,"4.910,50","4.964,70","4.612,10"
IBEX TOP Dividendo® Rentabilidad,"4.910,50","4.964,70","4.612,10"
IBEX TOP Dividendo® Rentabilidad,"4.910,50","4.964,70","4.612,10"
IBEX TOP Dividendo® Rentabilidad,"4.910,50","4.964,70","4.612,10"
IBEX TOP Dividendo® Rentabilidad Neta,"4.910,50","4.964,70","4.612,10"
IBEX TOP Dividendo® Rentabilidad Neta,"4.910,50","4.964,70","4.612,10"
IBEX TOP Dividendo® Rentabilidad Neta,"4.092,20","4.964,70","4.612,10"
IBEX TOP Dividendo® Rentabilidad Neta,"4.092,20","4.964,70","4.612,10"
IBEX TOP Dividendo® Rentabilidad Neta,"4.092,20","4.137,40","4.612,10"
IBEX TOP Dividendo® Rentabilidad Neta,"4.092,20","4.137,40","3.843,50"
IBEX TOP Dividendo® Rentabilidad Neta,"4.092,20","4.137,40","3.843,50"
IBEX TOP Dividendo® Rentabilidad Neta,"4.092,20","4.137,40","3.843,50"
IBEX TOP Dividendo® Rentabilidad Neta,"4.092,20","4.137,40","3.843,50"
IBEX MEDIUM CAP® con Dividendos,"4.092,20","4.137,40","3.843,50"
IBEX MEDIUM CAP® con Dividendos,"4.092,20","4.137,40","3.843,50"
IBEX MEDIUM CAP® con Dividendos,"11.985,60","4.137,40","3.843,50"
IBEX MEDIUM CAP® con Dividendos,"11.985,60","4.137,40","3.843,50"
IBEX MEDIUM CAP® con Dividendos,"11.985,60","12.182,20","3.843,50"
IBEX MEDIUM CAP® con Dividendos,"11.985,60","12.182,20","11.786,90"
IBEX MEDIUM CAP® con Dividendos,"11.985,60","12.182,20","11.786,90"
IBEX MEDIUM CAP® con Dividendos,"11.985,60","12.182,20","11.786,90"
IBEX MEDIUM CAP® con Dividendos,"11.985,60","12.182,20","11.786,90"
IBEX MEDIUM CAP® con Dividendos Netos,"11.985,60","12.182,20","11.786,90"
IBEX MEDIUM CAP® con Dividendos Netos,"11.985,60","12.182,20","11.786,90"
IBEX MEDIUM CAP® con Dividendos Netos,"11.176,10","12.182,20","11.786,90"
IBEX MEDIUM CAP® con Dividendos Netos,"11.176,10","12.182,20","11.786,90"
IBEX MEDIUM CAP® con Dividendos Netos,"11.176,10","11.359,40","11.786,90"
IBEX MEDIUM CAP® con Dividendos Netos,"11.176,10","11.359,40","10.990,80"
IBEX MEDIUM CAP® con Dividendos Netos,"11.176,10","11.359,40","10.990,80"
IBEX MEDIUM CAP® con Dividendos Netos,"11.176,10","11.359,40","10.990,80"
IBEX MEDIUM CAP® con Dividendos Netos,"11.176,10","11.359,40","10.990,80"
IBEX SMALL CAP® con Dividendos,"11.176,10","11.359,40","10.990,80"
IBEX SMALL CAP® con Dividendos,"11.176,10","11.359,40","10.990,80"
IBEX SMALL CAP® con Dividendos,"9.896,40","11.359,40","10.990,80"
IBEX SMALL CAP® con Dividendos,"9.896,40","11.359,40","10.990,80"
IBEX SMALL CAP® con Dividendos,"9.896,40","10.058,90","10.990,80"
IBEX SMALL CAP® con Dividendos,"9.896,40","10.058,90","9.734,30"
IBEX SMALL CAP® con Dividendos,"9.896,40","10.058,90","9.734,30"
IBEX SMALL CAP® con Dividendos,"9.896,40","10.058,90","9.734,30"
IBEX SMALL CAP® con Dividendos,"9.896,40","10.058,90","9.734,30"
IBEX SMALL CAP® con Dividendos Netos,"9.896,40","10.058,90","9.734,30"
IBEX SMALL CAP® con Dividendos Netos,"9.896,40","10.058,90","9.734,30"
IBEX SMALL CAP® con Dividendos Netos,"9.543,00","10.058,90","9.734,30"
IBEX SMALL CAP® con Dividendos Netos,"9.543,00","10.058,90","9.734,30"
IBEX SMALL CAP® con Dividendos Netos,"9.543,00","9.699,70","9.734,30"
IBEX SMALL CAP® con Dividendos Netos,"9.543,00","9.699,70","9.386,70"
IBEX SMALL CAP® con Dividendos Netos,"9.543,00","9.699,70","9.386,70"
IBEX SMALL CAP® con Dividendos Netos,"9.543,00","9.699,70","9.386,70"
IBEX SMALL CAP® con Dividendos Netos,"9.543,00","9.699,70","9.386,70"
IBEX Growth Market® 15,"9.543,00","9.699,70","9.386,70"
IBEX Growth Market® 15,"9.543,00","9.699,70","9.386,70"
IBEX Growth Market® 15,"2.122,60","9.699,70","9.386,70"
IBEX Growth Market® 15,"2.122,60","9.699,70","9.386,70"
IBEX Growth Market® 15,"2.122,60","2.167,00","9.386,70"
IBEX Growth Market® 15,"2.122,60","2.167,00","2.112,50"
IBEX Growth Market® 15,"2.122,60","2.167,00","2.112,50"
IBEX Growth Market® 15,"2.122,60","2.167,00","2.112,50"
IBEX Growth Market® 15,"2.122,60","2.167,00","2.112,50"
IBEX Growth Market® All Share,"2.122,60","2.167,00","2.112,50"
IBEX Growth Market® All Share,"2.122,60","2.167,00","2.112,50"
IBEX Growth Market® All Share,"1.683,60","2.167,00","2.112,50"
IBEX Growth Market® All Share,"1.683,60","2.167,00","2.112,50"
IBEX Growth Market® All Share,"1.683,60","1.723,80","2.112,50"
IBEX Growth Market® All Share,"1.683,60","1.723,80","1.666,60"
IBEX Growth Market® All Share,"1.683,60","1.723,80","1.666,60"
IBEX Growth Market® All Share,"1.683,60","1.723,80","1.666,60"
IBEX Growth Market® All Share,"1.683,60","1.723,80","1.666,60"
FTSE4Good IBEX,"1.683,60","1.723,80","1.666,60"
FTSE4Good IBEX,"1.683,60","1.723,80","1.666,60"
FTSE4Good IBEX,"7.477,80","1.723,80","1.666,60"
FTSE4Good IBEX,"7.477,80","1.723,80","1.666,60"
FTSE4Good IBEX,"7.477,80","7.650,70","1.666,60"
FTSE4Good IBEX,"7.477,80","7.650,70","7.053,30"
FTSE4Good IBEX,"7.477,80","7.650,70","7.053,30"
FTSE4Good IBEX,"7.477,80","7.650,70","7.053,30"
FTSE4Good IBEX,"7.477,80","7.650,70","7.053,30"
FTSE4Good IBEX Total Return,"7.477,80","7.650,70","7.053,30"
FTSE4Good IBEX Total Return,"7.477,80","7.650,70","7.053,30"
FTSE4Good IBEX Total Return,"16.383,00","7.650,70","7.053,30"
FTSE4Good IBEX Total Return,"16.383,00","7.650,70","7.053,30"
FTSE4Good IBEX Total Return,"16.383,00","16.761,80","7.053,30"
FTSE4Good IBEX Total Return,"16.383,00","16.761,80","15.453,00"
FTSE4Good IBEX Total Return,"16.383,00","16.761,80","15.453,00"
FTSE4Good IBEX Total Return,"16.383,00","16.761,80","15.453,00"
FTSE4Good IBEX Total Return,"16.383,00","16.761,80","15.453,00"
FTSE4Good IBEX Net Return,"16.383,00","16.761,80","15.453,00"
FTSE4Good IBEX Net Return,"16.383,00","16.761,80","15.453,00"
FTSE4Good IBEX Net Return,"14.546,00","16.761,80","15.453,00"
FTSE4Good IBEX Net Return,"14.546,00","16.761,80","15.453,00"
FTSE4Good IBEX Net Return,"14.546,00","14.882,30","15.453,00"
FTSE4Good IBEX Net Return,"14.546,00","14.882,30","13.720,30"
FTSE4Good IBEX Net Return,"14.546,00","14.882,30","13.720,30"
FTSE4Good IBEX Net Return,"14.546,00","14.882,30","13.720,30"
FTSE4Good IBEX Net Return,"14.546,00","14.882,30","13.720,30"
FTSE Latibex All Share,"14.546,00","14.882,30","13.720,30"
FTSE Latibex All Share,"14.546,00","14.882,30","13.720,30"
FTSE Latibex All Share,"1.562,80","14.882,30","13.720,30"
FTSE Latibex All Share,"1.562,80","14.882,30","13.720,30"
FTSE Latibex All Share,"1.562,80","1.562,80","13.720,30"
FTSE Latibex All Share,"1.562,80","1.562,80","1.550,60"
FTSE Latibex All Share,"1.562,80","1.562,80","1.550,60"
FTSE Latibex All Share,"1.562,80","1.562,80","1.550,60"
FTSE Latibex All Share,"1.562,80","1.562,80","1.550,60"
FTSE Latibex TOP,"1.562,80","1.562,80","1.550,60"
FTSE Latibex TOP,"1.562,80","1.562,80","1.550,60"
FTSE Latibex TOP,"3.708,50","1.562,80","1.550,60"
FTSE Latibex TOP,"3.708,50","1.562,80","1.550,60"
FTSE Latibex TOP,"3.708,50","3.708,50","1.550,60"
FTSE Latibex TOP,"3.708,50","3.708,50","3.692,30"
FTSE Latibex TOP,"3.708,50","3.708,50","3.692,30"
FTSE Latibex TOP,"3.708,50","3.708,50","3.692,30"
FTSE Latibex TOP,"3.708,50","3.708,50","3.692,30"
FTSE Latibex BRASIL,"3.708,50","3.708,50","3.692,30"
FTSE Latibex BRASIL,"3.708,50","3.708,50","3.692,30"
FTSE Latibex BRASIL,"7.921,70","3.708,50","3.692,30"
FTSE Latibex BRASIL,"7.921,70","3.708,50","3.692,30"
FTSE Latibex BRASIL,"7.921,70","7.921,70","3.692,30"
FTSE Latibex BRASIL,"7.921,70","7.921,70","7.921,70"
FTSE Latibex BRASIL,"7.921,70","7.921,70","7.921,70"
FTSE Latibex BRASIL,"7.921,70","7.921,70","7.921,70"
FTSE Latibex BRASIL,"7.921,70","7.921,70","7.921,70"
I.G.B.M.,"7.921,70","7.921,70","7.921,70"
I.G.B.M.,"7.921,70","7.921,70","7.921,70"
I.G.B.M.,"722,28","7.921,70","7.921,70"
I.G.B.M.,"722,28","7.921,70","7.921,70"
I.G.B.M.,"722,28","742,47","7.921,70"
I.G.B.M.,"722,28","742,47","684,16"
I.G.B.M.,"722,28","742,47","684,16"
I.G.B.M.,"722,28","742,47","684,16"
I.G.B.M.,"722,28","742,47","684,16"
I.G.B.M. Total,"722,28","742,47","684,16"
I.G.B.M. Total,"722,28","742,47","684,16"
I.G.B.M. Total,"2.850,83","742,47","684,16"
I.G.B.M. Total,"2.850,83","742,47","684,16"
I.G.B.M. Total,"2.850,83","2.850,83","684,16"
I.G.B.M. Total,"2.850,83","2.850,83","2.850,83"
I.G.B.M. Total,"2.850,83","2.850,83","2.850,83"
I.G.B.M. Total,"2.850,83","2.850,83","2.850,83"
I.G.B.M. Total,"2.850,83","2.850,83","2.850,83"
BCN GLOBAL 100 (Base 1986),"2.850,83","2.850,83","2.850,83"
BCN GLOBAL 100 (Base 1986),"2.850,83","2.850,83","2.850,83"
BCN GLOBAL 100 (Base 1986),"525,84","2.850,83","2.850,83"
BCN GLOBAL 100 (Base 1986),"525,84","2.850,83","2.850,83"
BCN GLOBAL 100 (Base 1986),"525,84","539,05","2.850,83"
BCN GLOBAL 100 (Base 1986),"525,84","539,05","497,65"
BCN GLOBAL 100 (Base 1986),"525,84","539,05","497,65"
BCN GLOBAL 100 (Base 1986),"525,84","539,05","497,65"
BCN GLOBAL 100 (Base 1986),"525,84","539,05","497,65"
BCN GLOBAL 100 (Base 1963),"525,84","539,05","497,65"
BCN GLOBAL 100 (Base 1963),"525,84","539,05","497,65"
BCN GLOBAL 100 (Base 1963),"1.351,49","539,05","497,65"
BCN GLOBAL 100 (Base 1963),"1.351,49","539,05","497,65"
BCN GLOBAL 100 (Base 1963),"1.351,49","1.385,45","497,65"
BCN GLOBAL 100 (Base 1963),"1.351,49","1.385,45","1.279,06"
BCN GLOBAL 100 (Base 1963),"1.351,49","1.385,45","1.279,06"
BCN GLOBAL 100 (Base 1963),"1.351,49","1.385,45","1.279,06"
BCN GLOBAL 100 (Base 1963),"1.351,49","1.385,45","1.279,06"
BCN MID 50,"1.351,49","1.385,45","1.279,06"
BCN MID 50,"1.351,49","1.385,45","1.279,06"
BCN MID 50,"19.747,91","1.385,45","1.279,06"
BCN MID 50,"19.747,91","1.385,45","1.279,06"
BCN MID 50,"19.747,91","19.995,03","1.279,06"
BCN MID 50,"19.747,91","19.995,03","19.332,87"
BCN MID 50,"19.747,91","19.995,03","19.332,87"
BCN MID 50,"19.747,91","19.995,03","19.332,87"
BCN MID 50,"19.747,91","19.995,03","19.332,87"
BCN PROFIT-30,"19.747,91","19.995,03","19.332,87"
BCN PROFIT-30,"19.747,91","19.995,03","19.332,87"
BCN PROFIT-30,"8.985,52","19.995,03","19.332,87"
BCN PROFIT-30,"8.985,52","19.995,03","19.332,87"
BCN PROFIT-30,"8.985,52","9.087,66","19.332,87"
BCN PROFIT-30,"8.985,52","9.087,66","8.436,55"
BCN PROFIT-30,"8.985,52","9.087,66","8.436,55"
BCN PROFIT-30,"8.985,52","9.087,66","8.436,55"
BCN PROFIT-30,"8.985,52","9.087,66","8.436,55"
BCN ROE-30,"8.985,52","9.087,66","8.436,55"
BCN ROE-30,"8.985,52","9.087,66","8.436,55"
BCN ROE-30,"15.565,79","9.087,66","8.436,55"
BCN ROE-30,"15.565,79","9.087,66","8.436,55"
BCN ROE-30,"15.565,79","15.788,14","8.436,55"
BCN ROE-30,"15.565,79","15.788,14","14.998,94"
BCN ROE-30,"15.565,79","15.788,14","14.998,94"
BCN ROE-30,"15.565,79","15.788,14","14.998,94"
BCN ROE-30,"15.565,79","15.788,14","14.998,94"
BCN PER-30,"15.565,79","15.788,14","14.998,94"
BCN PER-30,"15.565,79","15.788,14","14.998,94"
BCN PER-30,"13.693,46","15.788,14","14.998,94"
BCN PER-30,"13.693,46","15.788,14","14.998,94"
BCN PER-30,"13.693,46","13.797,52","14.998,94"
BCN PER-30,"13.693,46","13.797,52","12.851,55"
BCN PER-30,"13.693,46","13.797,52","12.851,55"
BCN PER-30,"13.693,46","13.797,52","12.851,55"
BCN PER-30,"13.693,46","13.797,52","12.851,55"
BCN INDEXCAT,"13.693,46","13.797,52","12.851,55"
BCN INDEXCAT,"13.693,46","13.797,52","12.851,55"
BCN INDEXCAT,"17.682,57","13.797,52","12.851,55"
BCN INDEXCAT,"17.682,57","13.797,52","12.851,55"
BCN INDEXCAT,"17.682,57","17.898,19","12.851,55"
BCN INDEXCAT,"17.682,57","17.898,19","17.180,67"
BCN INDEXCAT,"17.682,57","17.898,19","17.180,67"
BCN INDEXCAT,"17.682,57","17.898,19","17.180,67"
BCN INDEXCAT,"17.682,57","17.898,19","17.180,67"
BILBAO,"17.682,57","17.898,19","17.180,67"
BILBAO,"17.682,57","17.898,19","17.180,67"
BILBAO,"1.179,63","17.898,19","17.180,67"
BILBAO,"1.179,63","17.898,19","17.180,67"
BILBAO,"1.179,63","1.204,41","17.180,67"
BILBAO,"1.179,63","1.204,41","1.116,83"
BILBAO,"1.179,63","1.204,41","1.116,83"
BILBAO,"1.179,63","1.204,41","1.116,83"
BILBAO,"1.179,63","1.204,41","1.116,83"
VALENCIA,"1.179,63","1.204,41","1.116,83"
VALENCIA,"1.179,63","1.204,41","1.116,83"
VALENCIA,"958,11","1.204,41","1.116,83"
VALENCIA,"958,11","1.204,41","1.116,83"
VALENCIA,"958,11","971,13","1.116,83"
VALENCIA,"958,11","971,13","909,62"
VALENCIA,"958,11","971,13","909,62"
VALENCIA,"958,11","971,13","909,62"
VALENCIA,"958,11","971,13","909,62"
Índice TEF Apalancado X3,"958,11","971,13","909,62"
Índice TEF Apalancado X3,"958,11","971,13","909,62"
Índice TEF Apalancado X3,"120,10","971,13","909,62"
Índice TEF Apalancado X3,"120,10","971,13","909,62"
Índice TEF Apalancado X3,"120,10","124,40","909,62"
Índice TEF Apalancado X3,"120,10","124,40","97,10"
Índice TEF Apalancado X3,"120,10","124,40","97,10"
Índice TEF Apalancado X3,"120,10","124,40","97,10"
Índice TEF Apalancado X3,"120,10","124,40","97,10"
Índice SAN Apalancado X3,"120,10","124,40","97,10"
Índice SAN Apalancado X3,"120,10","124,40","97,10"
Índice SAN Apalancado X3,"120,40","124,40","97,10"
Índice SAN Apalancado X3,"120,40","124,40","97,10"
Índice SAN Apalancado X3,"120,40","128,90","97,10"
Índice SAN Apalancado X3,"120,40","128,90","88,60"
Índice SAN Apalancado X3,"120,40","128,90","88,60"
Índice SAN Apalancado X3,"120,40","128,90","88,60"
Índice SAN Apalancado X3,"120,40","128,90","88,60"
Índice BBVA Apalancado X3,"120,40","128,90","88,60"
Índice BBVA Apalancado X3,"120,40","128,90","88,60"
Índice BBVA Apalancado X3,"104,90","128,90","88,60"
Índice BBVA Apalancado X3,"104,90","128,90","88,60"
Índice BBVA Apalancado X3,"104,90","110,60","88,60"
Índice BBVA Apalancado X3,"104,90","110,60","80,70"
Índice BBVA Apalancado X3,"104,90","110,60","80,70"
Índice BBVA Apalancado X3,"104,90","110,60","80,70"
Índice BBVA Apalancado X3,"104,90","110,60","80,70"
Índice ITX Apalancado X3,"104,90","110,60","80,70"
Índice ITX Apalancado X3,"104,90","110,60","80,70"
Índice ITX Apalancado X3,"2.955,80","110,60","80,70"
Índice ITX Apalancado X3,"2.955,80","110,60","80,70"
Índice ITX Apalancado X3,"2.955,80","3.029,80","80,70"
Índice ITX Apalancado X3,"2.955,80","3.029,80","2.272,60"
Índice ITX Apalancado X3,"2.955,80","3.029,80","2.272,60"
Índice ITX Apalancado X3,"2.955,80","3.029,80","2.272,60"
Índice ITX Apalancado X3,"2.955,80","3.029,80","2.272,60"
Índice TEF Apalancado X5,"2.955,80","3.029,80","2.272,60"
Índice TEF Apalancado X5,"2.955,80","3.029,80","2.272,60"
Índice TEF Apalancado X5,"113,00","3.029,80","2.272,60"
Índice TEF Apalancado X5,"113,00","3.029,80","2.272,60"
Índice TEF Apalancado X5,"113,00","118,90","2.272,60"
Índice TEF Apalancado X5,"113,00","118,90","81,50"
Índice TEF Apalancado X5,"113,00","118,90","81,50"
Índice TEF Apalancado X5,"113,00","118,90","81,50"
Índice TEF Apalancado X5,"113,00","118,90","81,50"
Índice SAN Apalancado X5,"113,00","118,90","81,50"
Índice SAN Apalancado X5,"113,00","118,90","81,50"
Índice SAN Apalancado X5,"468,20","118,90","81,50"
Índice SAN Apalancado X5,"468,20","118,90","81,50"
Índice SAN Apalancado X5,"468,20","515,20","81,50"
Índice SAN Apalancado X5,"468,20","515,20","293,50"
Índice SAN Apalancado X5,"468,20","515,20","293,50"
Índice SAN Apalancado X5,"468,20","515,20","293,50"
Índice SAN Apalancado X5,"468,20","515,20","293,50"
Índice BBVA Apalancado X5,"468,20","515,20","293,50"
Índice BBVA Apalancado X5,"468,20","515,20","293,50"
Índice BBVA Apalancado X5,"58,30","515,20","293,50"
Índice BBVA Apalancado X5,"58,30","515,20","293,50"
Índice BBVA Apalancado X5,"58,30","62,80","293,50"
Índice BBVA Apalancado X5,"58,30","62,80","39,20"
Índice BBVA Apalancado X5,"58,30","62,80","39,20"
Índice BBVA Apalancado X5,"58,30","62,80","39,20"
Índice BBVA Apalancado X5,"58,30","62,80","39,20"
Índice ITX Apalancado X5,"58,30","62,80","39,20"
Índice ITX Apalancado X5,"58,30","62,80","39,20"
Índice ITX Apalancado X5,"207,60","62,80","39,20"
Índice ITX Apalancado X5,"207,60","62,80","39,20"
Índice ITX Apalancado X5,"207,60","215,00","39,20"
Índice ITX Apalancado X5,"207,60","215,00","139,20"
Índice ITX Apalancado X5,"207,60","215,00","139,20"
Índice ITX Apalancado X5,"207,60","215,00","139,20"
Índice ITX Apalancado X5,"207,60","215,00","139,20"
Índice TEF Inverso X3,"207,60","215,00","139,20"
Índice TEF Inverso X3,"207,60","215,00","139,20"
Índice TEF Inverso X3,"6.267,90","215,00","139,20"
Índice TEF Inverso X3,"6.267,90","215,00","139,20"
Índice TEF Inverso X3,"6.267,90","8.372,90","139,20"
Índice TEF Inverso X3,"6.267,90","8.372,90","5.878,50"
Índice TEF Inverso X3,"6.267,90","8.372,90","5.878,50"
Índice TEF Inverso X3,"6.267,90","8.372,90","5.878,50"
Índice TEF Inverso X3,"6.267,90","8.372,90","5.878,50"
Índice SAN Inverso X3,"6.267,90","8.372,90","5.878,50"
Índice SAN Inverso X3,"6.267,90","8.372,90","5.878,50"
Índice SAN Inverso X3,"570,40","8.372,90","5.878,50"
Índice SAN Inverso X3,"570,40","8.372,90","5.878,50"
Índice SAN Inverso X3,"570,40","898,20","5.878,50"
Índice SAN Inverso X3,"570,40","898,20","482,10"
Índice SAN Inverso X3,"570,40","898,20","482,10"
Índice SAN Inverso X3,"570,40","898,20","482,10"
Índice SAN Inverso X3,"570,40","898,20","482,10"
Índice BBVA Inverso X3,"570,40","898,20","482,10"
Índice BBVA Inverso X3,"570,40","898,20","482,10"
Índice BBVA Inverso X3,"866,50","898,20","482,10"
Índice BBVA Inverso X3,"866,50","898,20","482,10"
Índice BBVA Inverso X3,"866,50","1.274,70","482,10"
Índice BBVA Inverso X3,"866,50","1.274,70","769,20"
Índice BBVA Inverso X3,"866,50","1.274,70","769,20"
Índice BBVA Inverso X3,"866,50","1.274,70","769,20"
Índice BBVA Inverso X3,"866,50","1.274,70","769,20"
Índice ITX Inverso X3,"866,50","1.274,70","769,20"
Índice ITX Inverso X3,"866,50","1.274,70","769,20"
Índice ITX Inverso X3,"602,90","1.274,70","769,20"
Índice ITX Inverso X3,"602,90","1.274,70","769,20"
Índice ITX Inverso X3,"602,90","887,00","769,20"
Índice ITX Inverso X3,"602,90","887,00","572,10"
Índice ITX Inverso X3,"602,90","887,00","572,10"
Índice ITX Inverso X3,"602,90","887,00","572,10"
Índice ITX Inverso X3,"602,90","887,00","572,10"
Índice TEF Inverso X5,"602,90","887,00","572,10"
Índice TEF Inverso X5,"602,90","887,00","572,10"
Índice TEF Inverso X5,"622,60","887,00","572,10"
Índice TEF Inverso X5,"622,60","887,00","572,10"
Índice TEF Inverso X5,"622,60","1.088,30","572,10"
Índice TEF Inverso X5,"622,60","1.088,30","536,40"
Índice TEF Inverso X5,"622,60","1.088,30","536,40"
Índice TEF Inverso X5,"622,60","1.088,30","536,40"
Índice TEF Inverso X5,"622,60","1.088,30","536,40"
Índice SAN Inverso X5,"622,60","1.088,30","536,40"
Índice SAN Inverso X5,"622,60","1.088,30","536,40"
Índice SAN Inverso X5,"411,50","1.088,30","536,40"
Índice SAN Inverso X5,"411,50","1.088,30","536,40"
Índice SAN Inverso X5,"411,50","616,00","536,40"
Índice SAN Inverso X5,"411,50","616,00","146,20"
Índice SAN Inverso X5,"411,50","616,00","146,20"
Índice SAN Inverso X5,"411,50","616,00","146,20"
Índice SAN Inverso X5,"411,50","616,00","146,20"
Índice BBVA Inverso X5,"411,50","616,00","146,20"
Índice BBVA Inverso X5,"411,50","616,00","146,20"
Índice BBVA Inverso X5,"5.723,20","616,00","146,20"
Índice BBVA Inverso X5,"5.723,20","616,00","146,20"
Índice BBVA Inverso X5,"5.723,20","12.635,60","146,20"
Índice BBVA Inverso X5,"5.723,20","12.635,60","4.076,10"
Índice BBVA Inverso X5,"5.723,20","12.635,60","4.076,10"
Índice BBVA Inverso X5,"5.723,20","12.635,60","4.076,10"
Índice BBVA Inverso X5,"5.723,20","12.635,60","4.076,10"
Índice ITX Inverso X5,"5.723,20","12.635,60","4.076,10"
Índice ITX Inverso X5,"5.723,20","12.635,60","4.076,10"
Índice ITX Inverso X5,"12,60","12.635,60","4.076,10"
Índice ITX Inverso X5,"12,60","12.635,60","4.076,10"
Índice ITX Inverso X5,"12,60","27,80","4.076,10"
Índice ITX Inverso X5,"12,60","27,80","11,00"
Índice ITX Inverso X5,"12,60","27,80","11,00"
Índice ITX Inverso X5,"12,60","27,80","11,00"
Índice ITX Inverso X5,"12,60","27,80","11,00"
